<customapiresponseproperty uniquename="ReportedUserCount">
  <description default="If telemetry submission was successful, reported user count will be set">
    <label description="If telemetry submission was successful, reported user count will be set" languagecode="1033" />
  </description>
  <displayname default="Reported User Count">
    <label description="Reported User Count" languagecode="1033" />
  </displayname>
  <iscustomizable>1</iscustomizable>
  <name>Reported User Count</name>
  <type>7</type>
</customapiresponseproperty>