<manifest><control namespace="Ianua" constructor="IanusCanvas" version="1.0.22" display-name-key="Ianus Guard Canvas" description-key="Ianus Guard for Canvas Apps" control-type="virtual" api-version="1.3.18"><external-service-usage enabled="false" /><data-set name="licenseDataSet" display-name-key="License Dataset" description-key="Use ian_license table as data" /><data-set name="offlineLicenseDataSet" display-name-key="Offline License Dataset" description-key="Use a collection of ian_license table as data" /><property name="tenantId" display-name-key="Tenant Id" description-key="Id of your Entra ID tenant. You can get this from PowerFx by using the formula Host.TenantID" of-type="SingleLine.Text" usage="input" required="true" pfx-default-value="Host.TenantID" /><property name="publisherId" display-name-key="Publisher Id" description-key="Publisher Id using which you publish your component. This is the External Id of your Ianus publisher. Copy it from Ianus portal on your publisher record." of-type="SingleLine.Text" usage="input" required="true" /><property name="productId" display-name-key="Product Id" description-key="Id of the product you want to license. This is the External Id of your Ianus product." of-type="SingleLine.Text" usage="input" required="true" /><property name="publicKey" display-name-key="Public Key" description-key="Your product and product version specific public key for verifying the license. This is the public key of the product version assigned to the product you want to license." of-type="Multiple" usage="input" required="true" /><property name="fallbackPublicKey" display-name-key="Fallback Public Key" description-key="When using multiple product versions or dual signing with a customer generated license, set the appropriate public key in here. Leave empty otherwise." of-type="Multiple" usage="input" required="false" /><property name="usagePermission" display-name-key="Usage Permission" description-key="For user-based licensing, you can define Usage Permissions. Usage permission is defined by the user having read access to a special entity defined by you. If you want to use this, set it to a Power Fx formula using the DataSourceInfo function. Set to true otherwise." of-type="TwoOptions" usage="input" required="false" pfx-default-value="true" /><property name="isValid" display-name-key="Is Valid" description-key="This returns the result of the license validation. If a valid license was found true, otherwise false" of-type="Whole.None" usage="output" required="false" /><property name="reason" display-name-key="Reason" description-key="This returns the result text of the license validation. If a valid license was found it is empty, otherwise you get a rejection reason" of-type="SingleLine.Text" usage="output" required="false" /><property name="licenseJson" display-name-key="License Json" description-key="This returns the license JSON. If a valid license was found it is returned, otherwise empty" of-type="Multiple" usage="output" required="false" /><resources><code path="bundle.js" order="1" /><platform-library name="React" version="16.8.6" /><platform-library name="Fluent" version="8.29.0" /></resources><feature-usage /><built-by name="pac" version="1.46.1" /></control></manifest>