<customapi uniquename="ian_IanusLicenseValidation">
  <allowedcustomprocessingsteptype>0</allowedcustomprocessingsteptype>
  <bindingtype>0</bindingtype>
  <description default="Ianus License Validation">
    <label description="Ianus License Validation" languagecode="1033" />
  </description>
  <displayname default="Ianus License Validation">
    <label description="Ianus License Validation" languagecode="1033" />
  </displayname>
  <iscustomizable>0</iscustomizable>
  <isfunction>0</isfunction>
  <isprivate>0</isprivate>
  <name>Ianus License Validation</name>
  <plugintypeid>
    <plugintypeexportkey>8C47B0509E160E657D5ACBAF3A3826AD5B9D19EACEC3BF699982BC7860B07DA4</plugintypeexportkey>
  </plugintypeid>
  <workflowsdkstepenabled>0</workflowsdkstepenabled>
</customapi>