<aiskillconfig uniquename="ais_FormFillFieldOptOut_ian_license_ian_name">
  <aiskill>FormFillFieldOptOut</aiskill>
  <attribute>
    <entityid.logicalname>ian_license</entityid.logicalname>
    <logicalname>ian_name</logicalname>
  </attribute>
  <description>ian_License - Name Form fill opt out</description>
  <entity>
    <logicalname>ian_license</logicalname>
  </entity>
  <iscustomizable>0</iscustomizable>
  <scope>1</scope>
  <statecode>0</statecode>
  <statuscode>1</statuscode>
</aiskillconfig>