<customapirequestparameter uniquename="TelemetryApiKey">
  <description default="Set telemetry API key of your telemetry-enabled Ianus Guard portal product for reporting active user count telemetry. The UsagePermissionEntity parameter must also be set to send telemetry.">
    <label description="Set telemetry API key of your telemetry-enabled Ianus Guard portal product for reporting active user count telemetry. The UsagePermissionEntity parameter must also be set to send telemetry." languagecode="1033" />
  </description>
  <displayname default="Telemetry API Key">
    <label description="Telemetry API Key" languagecode="1033" />
  </displayname>
  <iscustomizable>1</iscustomizable>
  <isoptional>1</isoptional>
  <name>Telemetry API Key</name>
  <type>10</type>
</customapirequestparameter>