<aiskillconfig uniquename="ais_FormFillFieldOptOut_ian_license_ian_lasttelemetrysubmissiondate">
  <aiskill>FormFillFieldOptOut</aiskill>
  <attribute>
    <entityid.logicalname>ian_license</entityid.logicalname>
    <logicalname>ian_lasttelemetrysubmissiondate</logicalname>
  </attribute>
  <description>ian_license - Last Telemetry Submission Date Form fill opt out</description>
  <entity>
    <logicalname>ian_license</logicalname>
  </entity>
  <iscustomizable>1</iscustomizable>
  <scope>1</scope>
  <statecode>0</statecode>
  <statuscode>1</statuscode>
</aiskillconfig>