<manifest><control namespace="Ianua" constructor="CopyButton" version="0.0.2" display-name-key="CopyButton" description-key="CopyButton description" control-type="virtual" api-version="1.3.18"><external-service-usage enabled="false" /><property name="input" display-name-key="Input" description-key="The field that serves as input for copying to clipboard" of-type="SingleLine.Text" usage="bound" required="true" /><resources><code path="bundle.js" order="1" /><platform-library name="React" version="16.8.6" /><platform-library name="Fluent" version="8.29.0" /></resources><feature-usage><uses-feature name="WebAPI" required="true" /><uses-feature name="WebAPI.retrieveMultipleRecords" required="true" /></feature-usage><built-by name="pac" version="1.46.1" /></control></manifest>