<customapirequestparameter uniquename="UsagePermissionEntity">
  <description default="Set the usage permission entity logical name for reporting telemtry back to Ianus Guard portal. Every user able to read this entity is counted as active user when reporting telemtry. The TelemetryApiKey parameter must also be set to send telemetry.">
    <label description="Set the usage permission entity logical name for reporting telemtry back to Ianus Guard portal. Every user able to read this entity is counted as active user when reporting telemtry. The TelemetryApiKey parameter must also be set to send telemetry." languagecode="1033" />
  </description>
  <displayname default="Usage Permission Entity">
    <label description="Usage Permission Entity" languagecode="1033" />
  </displayname>
  <iscustomizable>1</iscustomizable>
  <isoptional>1</isoptional>
  <name>Usage Permission Entity</name>
  <type>10</type>
</customapirequestparameter>